-- phpMyAdmin SQL Dump
-- version 5.2.1
-- https://www.phpmyadmin.net/
--
-- Хост: 127.0.0.1
-- Час створення: Січ 18 2025 р., 18:22
-- Версія сервера: 10.4.32-MariaDB
-- Версія PHP: 8.2.12

SET SQL_MODE = "NO_AUTO_VALUE_ON_ZERO";
START TRANSACTION;
SET time_zone = "+00:00";


/*!40101 SET @OLD_CHARACTER_SET_CLIENT=@@CHARACTER_SET_CLIENT */;
/*!40101 SET @OLD_CHARACTER_SET_RESULTS=@@CHARACTER_SET_RESULTS */;
/*!40101 SET @OLD_COLLATION_CONNECTION=@@COLLATION_CONNECTION */;
/*!40101 SET NAMES utf8mb4 */;

--
-- База даних: `recipes_db`
--

-- --------------------------------------------------------

--
-- Структура таблиці `categories`
--

CREATE TABLE `categories` (
  `id` int(11) NOT NULL,
  `name` varchar(200) NOT NULL,
  `description` text DEFAULT NULL,
  `category_photo` varchar(255) DEFAULT NULL
) ENGINE=InnoDB DEFAULT CHARSET=utf8mb4 COLLATE=utf8mb4_unicode_ci;

--
-- Дамп даних таблиці `categories`
--

INSERT INTO `categories` (`id`, `name`, `description`, `category_photo`) VALUES
(1, 'Перші страви', 'Смачні та поживні страви для початку обіду', 'borshch.png'),
(2, 'Другі страви', 'Основні страви, які задовольнять ваш апетит.', 'pelmeni.png'),
(3, 'Закуски', 'Легкі закуски для вечірок або перекусів.', 'salat_z_tuncom.png'),
(4, 'Салати', 'Свіжі та корисні салати для здорового харчування.', 'caesar.png'),
(5, 'Десерти', 'Солодощі для завершення вашого обіду.', 'napoleon.png'),
(6, 'Соуси', NULL, 'guakamole.png');

-- --------------------------------------------------------

--
-- Структура таблиці `favorites`
--

CREATE TABLE `favorites` (
  `id_recipe` int(11) NOT NULL,
  `id_user` int(11) NOT NULL
) ENGINE=InnoDB DEFAULT CHARSET=utf8mb4 COLLATE=utf8mb4_unicode_ci;

--
-- Дамп даних таблиці `favorites`
--

INSERT INTO `favorites` (`id_recipe`, `id_user`) VALUES
(1, 1),
(1, 3),
(2, 2),
(3, 4),
(5, 1),
(7, 1);

-- --------------------------------------------------------

--
-- Структура таблиці `ingredients`
--

CREATE TABLE `ingredients` (
  `id` int(11) NOT NULL,
  `name` varchar(200) NOT NULL,
  `category` varchar(50) DEFAULT NULL
) ENGINE=InnoDB DEFAULT CHARSET=utf8mb4 COLLATE=utf8mb4_unicode_ci;

--
-- Дамп даних таблиці `ingredients`
--

INSERT INTO `ingredients` (`id`, `name`, `category`) VALUES
(1, 'М\'ясо', 'Продукти'),
(2, 'Буряк', 'Овочі'),
(3, 'Морква', 'Овочі'),
(4, 'Цибуля', 'Овочі'),
(5, 'Картопля', 'Овочі'),
(6, 'Томатна паста', 'Продукти'),
(7, 'Броколі', 'Овочі'),
(8, 'Вершкове масло', 'Молочні продукти'),
(9, 'Вершки', 'Молочні продукти'),
(10, 'Сіль', 'Спеції'),
(11, 'Грінки', 'Продукти'),
(12, 'Лосось', 'Риба'),
(13, 'Спеції', 'Спеції'),
(14, 'Зелень', 'Зелень'),
(15, 'Свинина', 'М\'ясо'),
(16, 'Капуста', 'Овочі'),
(17, 'Яйця', 'Молочні продукти'),
(18, 'Вода', 'Рідини'),
(19, 'Фарш', 'М\'ясо'),
(20, 'Білий хліб', 'Хлібобулочні вироби'),
(21, 'Салат ромен', 'Зелень'),
(22, 'Помідори черрі', 'Овочі'),
(23, 'Майонез', 'Продукти'),
(24, 'Пармезан', 'Молочні продукти'),
(25, 'Консервований тунець', 'Риба'),
(26, 'Огірки', 'Овочі'),
(27, 'Червона цибуля', 'Овочі'),
(28, 'Лимонний сік', 'Продукти'),
(29, 'Оливкова олія', 'Олії'),
(30, 'Солоні огірки', 'Овочі'),
(31, 'Варена ковбаса', 'М\'ясо'),
(32, 'Зелений горошок', 'Овочі'),
(33, 'Маслини', 'Овочі'),
(34, 'Сир фета', 'Молочні продукти'),
(35, 'Базилік', 'Зелень'),
(36, 'Бальзамічний соус', 'Соуси'),
(37, 'Баклажани', 'Овочі'),
(38, 'Крем-сир', 'Молочні продукти'),
(39, 'Часник', 'Овочі'),
(40, 'Багет', 'Хлібобулочні вироби'),
(41, 'Листкове тісто', 'Тісто'),
(42, 'Ваніль', 'Спеції'),
(43, 'Цукор', 'Продукти'),
(44, 'Горіхи', 'Продукти'),
(45, 'Вершковий сир', 'Молочні продукти'),
(46, 'Чорний шоколад', 'Продукти'),
(47, 'Масло', 'Молочні продукти'),
(48, 'Печиво', 'Хлібобулочні вироби'),
(49, 'Мускатний горіх', 'Спеції'),
(50, 'Перець', 'Спеції'),
(51, 'Кінза', 'Зелень'),
(52, 'Пекучий перець халапеньо', 'Овочі'),
(53, 'Каперси', 'Продукти'),
(54, 'Корнішони', 'Овочі'),
(55, 'Гірчиця', 'Спеції'),
(56, 'Зелень', 'Продукти'),
(57, 'Панірувальні сухарі', 'Продукти'),
(58, 'Авокадо', 'Фрукт');


-- --------------------------------------------------------

--
-- Структура таблиці `recipes`
--

CREATE TABLE `recipes` (
  `id` int(11) NOT NULL,
  `name` varchar(256) NOT NULL,
  `description` text NOT NULL,
  `instructions` text NOT NULL,
  `id_category` int(11) DEFAULT NULL,
  `complexity` varchar(256) NOT NULL,
  `cooking_time` int(11) NOT NULL,
  `date` datetime NOT NULL,
  `photo` varchar(256) NOT NULL,
  `rating` int(11) DEFAULT NULL
) ENGINE=InnoDB DEFAULT CHARSET=utf8mb4 COLLATE=utf8mb4_unicode_ci;

--
-- Дамп даних таблиці `recipes`
--

INSERT INTO `recipes` (`id`, `name`, `description`, `instructions`, `id_category`, `complexity`, `cooking_time`, `date`, `photo`, `rating`) VALUES
(1, 'Борщ', 'Смачний український суп на основі буряка.', '<p><span>1.</span> Зварити м\'ясний бульйон на середньому вогні протягом 1-1.5 години.</p>\r\n<p><span>2.</span> Обсмажити нарізані цибулю, моркву та буряк на олії до м\'якості.</p>\r\n<p><span>3.</span> Додати нашатковану капусту та картоплю в бульйон, варити 15-20 хвилин.</p>\r\n<p><span>4.</span> Додати обсмажені овочі та томатну пасту, варити ще 15 хвилин.</p>\r\n<p><span>5.</span> Наприкінці додати спеції, часник та зелень, дати настоятися 10-15 хвилин.</p>', 1, 'Середня', 60, '2024-10-07 23:00:48', 'borshch.png', 5),
(2, 'Суп-пюре з броколі', 'Легкий суп-пюре з броколі та вершками.', '<p><span>1.</span> Відварити броколі в підсоленій воді до м\'якості, зберегти бульйон.</p>\r\n<p><span>2.</span> Обсмажити цибулю та часник на вершковому маслі до прозорості.</p>\r\n<p><span>3.</span> З\'єднати броколі, обсмажену цибулю та бульйон, довести до кипіння.</p>\r\n<p><span>4.</span> Пробити все блендером до однорідної консистенції.</p>\r\n<p><span>5.</span> Додати вершки, сіль, перець та прогріти, подавати з грінками.</p>', 1, 'Легка', 30, '2024-10-09 00:00:00', 'soup_broccoli.png', 4),
(3, 'Уха', 'Смачна рибна юшка з лосося', '<p><span>1.</span> Овочі почистити, порізати, покласти в казан з водою, посолити, варити 15 хвилин.</p>\r\n<p><span>2.</span> Хвіст, голову риби добре промити, покласти в казан, додати перець горошком.</p>\r\n<p><span>3.</span> Додати філе риби, варити 10 хвилин на повільному вогні.</p>\r\n<p><span>4.</span> Покласти лавровий лист і варити ще 5 хвилин, знімаючи піну.</p>\r\n<p><span>5.</span> Готову уху настояти 10 хвилин, посипати свіжою зеленню перед подачею.</p>', 1, 'Елементарно', 40, '2024-10-13 18:06:21', 'uha.png', 0),
(4, 'Капусняк', 'Традиційний український суп з капустою.', '<p><span>1.</span> Зварити м\'ясний бульйон із свинини або яловичини, процідити.</p>\r\n<p><span>2.</span> Нашаткувати капусту, нарізати картоплю кубиками.</p>\r\n<p><span>3.</span> Обсмажити цибулю, моркву та томатну пасту до золотистого кольору.</p>\r\n<p><span>4.</span> Додати в бульйон капусту, картоплю та обсмажені овочі, варити до готовності.</p>\r\n<p><span>5.</span> Додати спеції, часник та зелень, дати настоятися 10-15 хвилин.</p>', 1, 'Легка', 50, '2024-10-14 10:00:00', 'kapusnyak.png', 0),
(5, 'Пельмені', 'Тісто з начинкою з м\'яса.', '<p><span>1.</span> Замісити еластичне тісто з борошна, яєць, води та солі, залишити на 30 хвилин.</p>\r\n<p><span>2.</span> Приготувати начинку, змішавши фарш з цибулею, часником та спеціями.</p>\r\n<p><span>3.</span> Розкатати тісто тонким шаром та вирізати кружечки.</p>\r\n<p><span>4.</span> Ліпити пельмені, викладаючи начинку в центр і защипуючи краї.</p>\r\n<p><span>5.</span> Варити в підсоленій воді 7-8 хвилин після спливання.</p>', 2, 'Середня', 90, '2024-10-07 23:00:48', 'pelmeni.png', 0),
(6, 'Котлета по-київськи', 'Класична українська страва.', '<p><span>1.</span> Відбити куряче філе, посолити, поперчити та зробити кишеньку.</p>\r\n<p><span>2.</span> Приготувати начинку з вершкового масла, зелені та часнику.</p>\r\n<p><span>3.</span> Наповнити кишеньку начинкою та акуратно защепити краї.</p>\r\n<p><span>4.</span> Панірувати котлету в борошні, яйці та сухарях двічі.</p>\r\n<p><span>5.</span> Смажити у фритюрі до золотистого кольору 7-8 хвилин.</p>', 2, 'Складний', 90, '2024-10-07 23:04:42', 'kotleta_po_kyivsky.png', 0),
(7, 'Телятина під соусом', 'Ніжна телятина, запечена з соусом.', '<p><span>1.</span> Замаринувати телятину в суміші спецій, олії та вина на 2-3 години.</p>\r\n<p><span>2.</span> Обсмажити м\'ясо з усіх боків до утворення золотистої скоринки.</p>\r\n<p><span>3.</span> Приготувати соус з вершків, грибів, цибулі та улюблених спецій.</p>\r\n<p><span>4.</span> Залити м\'ясо соусом та запікати при 180°C 40-50 хвилин.</p>\r\n<p><span>5.</span> Дати настоятися 10-15 хвилин перед подачею.</p>', 2, 'Складна', 120, '2024-10-09 00:00:00', 'teljatina.png', 0),
(8, 'Зрази картопляні', 'Картопляні зрази з начинкою.', '<p><span>1.</span> Зварити та розім\'яти картоплю, додати яйце та борошно, вимісити.</p>\r\n<p><span>2.</span> Приготувати начинку з обсмажених грибів або м\'ясного фаршу зі спеціями.</p>\r\n<p><span>3.</span> Сформувати з картопляної маси коржики, викласти начинку та загорнути.</p>\r\n<p><span>4.</span> Запанірувати зрази у борошні, яйці та сухарях.</p>\r\n<p><span>5.</span> Обсмажити на середньому вогні до золотистої скоринки з обох боків.</p>', 2, 'Складна', 90, '2024-10-09 00:00:00', 'zrazy.png', 0),
(9, 'Салат Цезар', 'Салат із свіжих овочів, курки та сиру.', '<p><span>1.</span> Замаринувати та запекти куряче філе до готовності в духовці.</p>\r\n<p><span>2.</span> Підсушити нарізаний білий хліб для крутонів на сковороді з олією.</p>\r\n<p><span>3.</span> Промити та нарізати салат ромен, помідори черрі навпіл.</p>\r\n<p><span>4.</span> Приготувати соус: змішати майонез, часник, анчоуси та пармезан.</p>\r\n<p><span>5.</span> Скласти всі інгредієнти в салатник, полити соусом та прикрасити тертим пармезаном.</p>', 4, 'Легка', 20, '2024-10-07 23:00:48', 'caesar.png', 0),
(10, 'Салат з тунцем', 'Салат зі свіжими овочами та тунцем.', '<p><span>1.</span> Відкрити та злити рідину з консервованого тунця, розім\'яти виделкою.</p>\r\n<p><span>2.</span> Нарізати свіжі огірки, помідори та червону цибулю дрібними кубиками.</p>\r\n<p><span>3.</span> Зварити яйця накруто, остудити та нарізати кубиками.</p>\r\n<p><span>4.</span> Змішати всі підготовлені інгредієнти в великій мисці.</p>\r\n<p><span>5.</span> Заправити оливковою олією, лимонним соком, додати сіль та перець за смаком.</p>', 4, 'Легкий', 15, '2024-10-07 23:04:42', 'salat_z_tuncom.png', 0),
(11, 'Олів\'є', 'Традиційний святковий салат.', '<p><span>1.</span> Зварити картоплю, моркву та яйця, остудити та нарізати кубиками.</p>\r\n<p><span>2.</span> Нарізати солоні огірки, варену ковбасу та зелений горошок.</p>\r\n<p><span>3.</span> Дрібно нарізати цибулю та зелень.</p>\r\n<p><span>4.</span> Змішати всі інгредієнти в великій мисці.</p>\r\n<p><span>5.</span> Заправити майонезом, посолити та поперчити за смаком.</p>', 4, 'Легкий', 30, '2024-10-14 10:00:00', 'olivie.png', 0),
(12, 'Грецький салат', 'Класичний середземноморський салат.', '<p><span>1.</span> Нарізати помідори, огірки, червону цибулю та перець.</p>\r\n<p><span>2.</span> Додати маслини та нарізаний кубиками сир фета.</p>\r\n<p><span>3.</span> Посипати орегано та чорним перцем.</p>\r\n<p><span>4.</span> Полити оливковою олією та бальзамічним оцтом.</p>\r\n<p><span>5.</span> Акуратно перемішати всі інгредієнти перед подачею.</p>', 4, 'Легкий', 15, '2024-10-14 10:00:00', 'greek_salad.png', 0),
(13, 'Фалафель', 'Традиційна арабська закуска з нуту.', '<p><span>1.</span> Замочити нут на 8-12 годин, потім промити та подрібнити.</p>\r\n<p><span>2.</span> Додати подрібнену цибулю, часник, зелень та спеції до нуту.</p>\r\n<p><span>3.</span> Додати розпушувач та борошно, добре перемішати до однорідності.</p>\r\n<p><span>4.</span> Сформувати невеликі кульки та обсмажити у фритюрі до золотистого кольору.</p>\r\n<p><span>5.</span> Подавати гарячим з соусом тахіні та свіжими овочами.</p>', 3, 'Середній', 45, '2024-10-14 10:00:00', 'falafel.png', 0),
(14, 'Тост з авокадо', 'Легка закуска з авокадо та помідорами.', '<p><span>1.</span> Підсмажити хліб на сковороді або в тостері до хрумкої скоринки.</p>\r\n<p><span>2.</span> Почистити та розім\'яти авокадо виделкою, додати сіль та лимонний сік.</p>\r\n<p><span>3.</span> Нарізати помідори тонкими скибочками, подрібнити зелень.</p>\r\n<p><span>4.</span> Намастити тост пюре з авокадо, викласти зверху помідори.</p>\r\n<p><span>5.</span> Прикрасити зеленню, полити оливковою олією та посипати перцем.</p>', 3, 'Легка', 15, '2024-10-14 10:00:00', 'toast_avokado.png', 0),
(15, 'Рулетики з баклажанів', 'Смачні рулетики з баклажанів з сиром та зеленню.', '<p><span>1.</span> Нарізати баклажани тонкими пластинками вздовж, посолити та залишити на 15 хвилин, щоб позбутися гіркоти.</p> \r\n<p><span>2.</span> Промити баклажани від солі та обсмажити на пательні до м\'якості.</p> \r\n<p><span>3.</span> Приготувати начинку: змішати крем-сир, дрібно нарізану зелень та часник.</p> \r\n<p><span>4.</span> Викласти начинку на кожен шматочок баклажана та скрутити у рулетик.</p> \r\n<p><span>5.</span> Подавати охолодженими, прикрасивши зеленню.</p>', 3, 'Легка', 40, '2024-10-14 10:00:00', 'ruletiki.png', 0),
(16, 'Брускетта', 'Італійська закуска на грінках.', '<p><span>1.</span> Підсмажити скибочки багета на грилі або сковороді.</p>\r\n<p><span>2.</span> Натерти часником підсмажений хліб.</p>\r\n<p><span>3.</span> Дрібно нарізати помідори, базилік та часник.</p>\r\n<p><span>4.</span> Викласти суміш на грінки.</p>\r\n<p><span>5</span>. Полити оливковою олією та бальзамічним соусом.</p>', 3, 'Легка', 20, '2024-10-14 10:00:00', 'bruschetta.png', 0),
(17, 'Торт Наполеон', 'Солодкий торт із листкового тіста.', '<p><span>1.</span> Замісити листкове тісто та розділити його на 8-10 частин.</p>\r\n<p><span>2.</span> Розкатати кожну частину тонко та випекти коржі при 180°C до золотистого кольору.</p>\r\n<p><span>3.</span> Приготувати заварний крем: довести до кипіння молоко з ваніллю, додати яєчну суміш.</p>\r\n<p><span>4.</span> Охолодити коржі та крем, промастити кожен корж рівномірним шаром крему.</p>\r\n<p><span>5.</span> Залишити торт просочуватися на 8-12 годин у холодильнику.</p>', 5, 'Висока', 120, '2024-10-07 23:00:48', 'napoleon.png', 0),
(18, 'Морквяний торт', 'Торт з моркви з ніжним кремом.', '<p><span>1.</span> Натерти моркву та змішати з борошном, яйцями, цукром та спеціями.</p>\r\n<p><span>2.</span> Додати горіхи, розпушувач та ретельно перемішати тісто.</p>\r\n<p><span>3.</span> Випікати коржі при 180°C протягом 25-30 хвилин до готовності.</p>\r\n<p><span>4.</span> Приготувати крем: збити вершковий сир з маслом, цукром та ваніллю.</p>\r\n<p><span>5.</span> Зібрати торт, промазуючи коржі кремом, прикрасити та охолодити.</p>', 5, 'Середній', 90, '2024-10-14 10:00:00', 'morkvyanyi_tort.png', 0),
(19, 'Шоколадний мус', 'Ніжний шоколадний мус.', '<p><span>1.</span> Розтопити чорний шоколад на водяній бані, дати трохи охолонути.</p>\r\n<p><span>2.</span> Відокремити жовтки від білків, жовтки збити з цукром.</p>\r\n<p><span>3.</span> Збити вершки до м\'яких піків, окремо збити білки.</p>\r\n<p><span>4.</span> Акуратно з\'єднати всі інгредієнти, починаючи з шоколаду.</p>\r\n<p><span>5.</span> Розлити по формах та охолодити в холодильнику мінімум 2 години.</p>', 5, 'Легкий', 30, '2024-10-14 10:00:00', 'shokoladny_mus.png', 0),
(20, 'Чізкейк', 'Солодкий десерт з кремом.', '<p><span>1.</span> Подрібнити печиво в крихту, змішати з розтопленим маслом.</p>\r\n<p><span>2.</span> Утрамбувати суміш в форму для випічки та охолодити.</p>\r\n<p><span>3.</span> Збити вершковий сир з цукром, яйцями та ваніллю до однорідності.</p>\r\n<p><span>4.</span> Випікати при 160°C протягом 50-60 хвилин до легкого золотистого кольору.</p>\r\n<p><span>5.</span> Повністю охолодити та витримати в холодильнику мінімум 4 години.</p>', 5, 'Середній', 120, '2024-10-07 23:04:42', 'cheesecake.png', 0),
(21, 'Соус Бешамель', 'Класичний французький соус на основі молока та масла.', '<p><span>1.</span> Розтопити вершкове масло в каструлі з товстим дном.</p>\r\n<p><span>2.</span> Додати борошно і готувати, помішуючи, до появи горіхового аромату.</p>\r\n<p><span>3.</span> Поступово влити гаряче молоко, постійно помішуючи віничком.</p>\r\n<p><span>4.</span> Варити на повільному вогні до потрібної консистенції.</p>\r\n<p><span>5.</span> Додати сіль, перець, мускатний горіх за смаком.</p>', 6, 'Легко', 15, '2024-12-23 10:00:00', 'photo_beshamel.png', 0),
(22, 'Соус Тартар', 'Холодний соус з майонезу, каперсів та зелені.', '<p><span>1.</span> Дрібно нарізати корнішони, каперси та зелень.</p>\r\n<p><span>2.</span> Подрібнити часник та цибулю.</p>\r\n<p><span>3.</span> З\'єднати майонез з усіма подрібненими інгредієнтами.</p>\r\n<p><span>4.</span> Додати лимонний сік та гірчицю за смаком.</p>\r\n<p><span>5.</span> Ретельно перемішати та охолодити перед подачею.</p>', 6, 'Середня', 10, '2024-12-24 12:30:00', 'photo_tartar.png', 0),
(23, 'Часниковий соус', 'Простий та смачний соус з часнику та майонезу.', '<p><span>1.</span> Очистити та дрібно подрібнити свіжий часник.</p>\r\n<p><span>2.</span> Змішати майонез з подрібненим часником.</p>\r\n<p><span>3.</span> Додати лимонний сік та оливкову олію.</p>\r\n<p><span>4.</span> Приправити сіллю та перцем за смаком.</p>\r\n<p><span>5.</span> Дати настоятися в холодильнику 30 хвилин перед подачею.</p>', 6, 'Легко', 5, '2024-12-25 08:45:00', 'photo_garlic_sauce.png', 0),
(24, 'Соус «Гуакамоле»', 'Неймовірно смачний мексиканський густий соус-закуска з авокадо.', '<p><span>1.</span> Авокадо почистити, видалити кісточку і дрібно порізати або розім\'яти виделкою.</p>\r\n<p><span>2.</span> Дрібно порізати цибулю, перець халапеньо та кінзу.</p>\r\n<p><span>3.</span> Змішати авокадо з овочами, додати лимонний сік та часник.</p>\r\n<p><span>4.</span> Додати дрібно нарізані помідори, сіль та перець за смаком.</p>\r\n<p><span>5.</span> Ретельно перемішати всі інгредієнти до однорідної маси.</p>', 6, 'Елементарно', 10, '2024-10-13 18:27:01', 'guakamole.png', 0),
(25, 'Пудинг з чіа', 'Здоровий десерт з чіа та кокосового молока.', '1. Змішайте насіння чіа з кокосовим молоком та медом.\r\n 2. Охолодіть у холодильнику протягом 4-5 годин або на ніч.\r\n 3. Подавайте з фруктами або горіхами за бажанням.', 5, 'Легкий', 10, '2024-10-14 10:00:00', 'puding_z_chia.png', 0),
(26, 'Соус Бешамель', 'Класичний французький соус на основі молока та масла.', '1. Розтопіть масло в каструлі.\r\n2. Додайте борошно і готуйте кілька хвилин, постійно помішуючи.\r\n  3. Поступово додавайте молоко, продовжуючи помішувати до загустіння.\r\n  4. Приправте сіллю та перцем за смаком.', 1, 'Легко', 15, '2024-12-23 10:00:00', 'photo_beshamel.png', 0),
(27, 'Соус Тартар', 'Холодний соус з майонезу, каперсів та зелені.', '1. Змішайте майонез з нарізаними каперсами.\r\n  2. Додайте подрібнений часник і кінзу.\r\n  3. Додайте лимонний сік, ретельно перемішайте.', 1, 'Середня', 10, '2024-12-24 12:30:00', 'photo_tartar.png', 0),
(28, 'Часниковий соус', 'Простий та смачний соус з часнику та майонезу.', '1. Подрібніть часник.\r\n  2. Змішайте часник з майонезом і додайте лимонний сік.\r\n  3. Додайте оливкову олію, перемішайте до однорідної маси.', 1, 'Легко', 5, '2024-12-25 08:45:00', 'photo_garlic_sauce.png', 0);

-- --------------------------------------------------------

--
-- Структура таблиці `recipes_ingredients`
--

CREATE TABLE `recipes_ingredients` (
  `id_recipe` int(11) NOT NULL,
  `id_ingredient` int(11) NOT NULL,
  `quantity` varchar(100) NOT NULL
) ENGINE=InnoDB DEFAULT CHARSET=utf8mb4 COLLATE=utf8mb4_unicode_ci;

--
-- Дамп даних таблиці `recipes_ingredients`
--

INSERT INTO `recipes_ingredients` (`id_recipe`, `id_ingredient`, `quantity`) VALUES
(1, 1, '1 кг'),
(1, 2, '2 шт'),
(1, 3, '2 шт'),
(1, 4, '1 шт'),
(1, 5, '3 шт'),
(1, 6, '2 ст. л.'),
(2, 4, '1 шт'),
(2, 7, '500 г'),
(2, 8, '2 ст. л.'),
(2, 9, '200 мл'),
(2, 10, '1 ч. л.'),
(2, 11, '50 г'),
(3, 3, '2 шт'),
(3, 4, '1 шт'),
(3, 5, '2 шт'),
(3, 12, '500 г'),
(3, 13, '1 ч. л.'),
(3, 14, '50 г'),
(4, 3, '2 шт'),
(4, 4, '1 шт'),
(4, 5, '4 шт'),
(4, 6, '2 ст. л.'),
(4, 13, '1 ч. л.'),
(4, 14, '50 г'),
(4, 15, '300 г'),
(4, 16, '500 г'),
(5, 1, '1 кг'),
(5, 4, '1 шт'),
(5, 13, '1 ч. л.'),
(5, 18, '100 мл'),
(5, 19, '500 г'),
(6, 1, '100 г'),
(6, 8, '100 г'),
(6, 14, '1 ч. л.'),
(6, 15, '2 шт'),
(6, 17, '2 шт'),
(6, 20, '100 г'),
(6, 57, '100 г'),
(7, 4, '1 шт'),
(7, 9, '200 мл'),
(7, 13, '1 ч. л.'),
(7, 15, '500 г'),
(7, 18, '100 мл'),
(8, 5, '500 г'),
(8, 13, '1 ч. л.'),
(8, 17, '1 шт'),
(8, 20, '100 г'),
(8, 57, '100 г'),
(9, 15, '2 шт'),
(9, 20, '100 г'),
(9, 21, '100 г'),
(9, 22, '10 шт'),
(9, 23, '100 г'),
(9, 24, '50 г'),
(10, 17, '2 шт'),
(10, 22, '2 шт'),
(10, 25, '1 банка'),
(10, 26, '2 шт'),
(10, 27, '1 шт'),
(10, 29, '2 ст. л.'),
(11, 3, '2 шт'),
(11, 5, '3 шт'),
(11, 17, '3 шт'),
(11, 30, '3 шт'),
(11, 31, '200 г'),
(11, 32, '100 г'),
(12, 22, '2 шт'),
(12, 26, '2 шт'),
(12, 27, '1 шт'),
(12, 29, '2 ст. л.'),
(12, 33, '50 г'),
(12, 34, '100 г'),
(13, 4, '1 шт'),
(13, 6, '2 ст. л.'),
(13, 13, '1 ч. л.'),
(13, 14, '1 пучок'),
(13, 19, '1 ч. л.'),
(13, 39, '2 зубчики'),
(14, 10, '1/2 ч. л.'),
(14, 14, '1 пучок'),
(14, 20, '2 скибочки'),
(14, 22, '2-3 шт'),
(14, 28, '1 ст. л.'),
(14, 29, '1 ст. л.'),
(14, 44, '1 шт'),
(14, 50, '1 щіпка'),
(14, 58, '1 шт'),
(15, 14, '1 пучок'),
(15, 37, '2 шт'),
(15, 39, '1 зубчик'),
(15, 45, '150 г'),
(16, 22, '2-3 шт'),
(16, 29, '1 ст. л.'),
(16, 35, '1 пучок'),
(16, 36, '1 ч. л.'),
(16, 39, '1 зубчик'),
(16, 40, '2 скибочки'),
(17, 9, '200 мл'),
(17, 17, '3 шт'),
(17, 41, '8-10 частин'),
(17, 42, '1 ч. л.'),
(17, 43, '100 г'),
(17, 47, '250 г'),
(18, 1, '200 г'),
(18, 3, '2 шт'),
(18, 9, '200 г'),
(18, 17, '3 шт'),
(18, 47, '50 г'),
(19, 9, '200 мл'),
(19, 43, '100 г'),
(19, 46, '150 г'),
(19, 47, '50 г'),
(20, 9, '50 г'),
(20, 24, '200 г'),
(20, 43, '1 ч. л.'),
(20, 47, '250 г'),
(20, 48, '150 г'),
(21, 1, '2 ст. л.'),
(21, 6, '500 мл'),
(21, 10, 'за смаком'),
(21, 47, '50 г'),
(21, 49, '1 ч. л.'),
(21, 50, 'за смаком'),
(22, 23, '150 г'),
(22, 27, '1 шт'),
(22, 28, '1 ч. л.'),
(22, 39, '1 зубчик'),
(22, 53, '30 г'),
(22, 54, '50 г'),
(22, 55, '1 ч. л.'),
(23, 10, 'за смаком'),
(23, 23, '100 г'),
(23, 28, '1 ч. л.'),
(23, 29, '1 ч. л.'),
(23, 39, '3 зубчики'),
(23, 50, 'за смаком'),
(24, 10, 'за смаком'),
(24, 22, '3 шт'),
(24, 26, '2 шт'),
(24, 27, '1 шт'),
(24, 28, '1 ч. л.'),
(24, 39, '1 зубчик'),
(24, 50, 'за смаком'),
(24, 51, '1 шт'),
(24, 52, '1 шт');

-- --------------------------------------------------------

--
-- Структура таблиці `reviews`
--

CREATE TABLE `reviews` (
  `id_user` int(11) NOT NULL,
  `id_recipe` int(11) NOT NULL,
  `rating` int(11) NOT NULL,
  `text` text DEFAULT NULL,
  `date` datetime NOT NULL
) ENGINE=InnoDB DEFAULT CHARSET=utf8mb4 COLLATE=utf8mb4_unicode_ci;

--
-- Дамп даних таблиці `reviews`
--

INSERT INTO `reviews` (`id_user`, `id_recipe`, `rating`, `text`, `date`) VALUES
(1, 1, 5, 'Дуже смачний борщ!', '2024-10-10 00:12:08'),
(1, 2, 4, NULL, '2024-12-17 21:12:19'),
(1, 3, 5, 'Суперова уха', '2024-12-30 03:56:21'),
(1, 6, 5, 'Смакота', '2024-12-30 10:24:08'),
(1, 16, 5, 'Смакота', '2024-12-29 23:38:36'),
(1, 19, 5, 'Супер', '2024-12-29 19:02:59'),
(2, 5, 5, 'Пельмені супер!', '2024-10-10 00:12:08'),
(3, 1, 4, NULL, '2024-12-25 14:33:44'),
(3, 2, 4, NULL, '2024-12-30 09:39:20'),
(3, 3, 4, NULL, '2024-10-10 00:12:08'),
(4, 2, 5, NULL, '2024-12-30 09:38:26'),
(4, 17, 5, 'Неймовірний торт Наполеон!', '2024-10-10 00:12:08'),
(5, 1, 5, NULL, '2024-12-30 09:37:29');

-- --------------------------------------------------------

--
-- Структура таблиці `users`
--

CREATE TABLE `users` (
  `id` int(11) NOT NULL,
  `name` varchar(256) NOT NULL,
  `email` varchar(256) NOT NULL,
  `password` varchar(256) NOT NULL,
  `profile_photo` varchar(256) DEFAULT '/images/default_profile.png'
) ENGINE=InnoDB DEFAULT CHARSET=utf8mb4 COLLATE=utf8mb4_unicode_ci;

--
-- Дамп даних таблиці `users`
--

INSERT INTO `users` (`id`, `name`, `email`, `password`, `profile_photo`) VALUES
(1, 'Оля', 'olya@example.com', '$2y$10$cR/KURyT4sshoDUqRoKE..wt4BVLLWLJJVWMSlCsjurqFWDFuINJW', '/images/default_profile.png'),
(2, 'Петро', 'petro@example.com', '12345', '/images/default_profile.png'),
(3, 'Іван', 'ivan@example.com', '12345', '/images/default_profile.png'),
(4, 'Марія', 'maria@example.com', '12345', '/images/default_profile.png'),
(5, 'Сергій', 'sergiy@example.com', '12345', '/images/default_profile.png'),
(6, 'Валерія', 'nepomiashcha.valeriia@lll.kpi.ua', '$2y$10$hXax/A2CFM3eEC/53Sgio.eQ5EW5ipvbX8nXTHUJEmytO/l/mUdHe', '/images/default_profile.png');

--
-- Індекси збережених таблиць
--

--
-- Індекси таблиці `categories`
--
ALTER TABLE `categories`
  ADD PRIMARY KEY (`id`);

--
-- Індекси таблиці `favorites`
--
ALTER TABLE `favorites`
  ADD PRIMARY KEY (`id_recipe`,`id_user`),
  ADD KEY `id_user` (`id_user`);

--
-- Індекси таблиці `ingredients`
--
ALTER TABLE `ingredients`
  ADD PRIMARY KEY (`id`);

--
-- Індекси таблиці `recipes`
--
ALTER TABLE `recipes`
  ADD PRIMARY KEY (`id`),
  ADD KEY `fk_category` (`id_category`);

--
-- Індекси таблиці `recipes_ingredients`
--
ALTER TABLE `recipes_ingredients`
  ADD PRIMARY KEY (`id_recipe`,`id_ingredient`),
  ADD KEY `id_ingredient` (`id_ingredient`);

--
-- Індекси таблиці `reviews`
--
ALTER TABLE `reviews`
  ADD PRIMARY KEY (`id_user`,`id_recipe`),
  ADD KEY `id_recipe` (`id_recipe`);

--
-- Індекси таблиці `users`
--
ALTER TABLE `users`
  ADD PRIMARY KEY (`id`);

--
-- AUTO_INCREMENT для збережених таблиць
--

--
-- AUTO_INCREMENT для таблиці `categories`
--
ALTER TABLE `categories`
  MODIFY `id` int(11) NOT NULL AUTO_INCREMENT, AUTO_INCREMENT=7;

--
-- AUTO_INCREMENT для таблиці `ingredients`
--
ALTER TABLE `ingredients`
  MODIFY `id` int(11) NOT NULL AUTO_INCREMENT, AUTO_INCREMENT=59;

--
-- AUTO_INCREMENT для таблиці `recipes`
--
ALTER TABLE `recipes`
  MODIFY `id` int(11) NOT NULL AUTO_INCREMENT, AUTO_INCREMENT=29;

--
-- AUTO_INCREMENT для таблиці `users`
--
ALTER TABLE `users`
  MODIFY `id` int(11) NOT NULL AUTO_INCREMENT, AUTO_INCREMENT=7;

--
-- Обмеження зовнішнього ключа збережених таблиць
--

--
-- Обмеження зовнішнього ключа таблиці `favorites`
--
ALTER TABLE `favorites`
  ADD CONSTRAINT `favorites_ibfk_1` FOREIGN KEY (`id_recipe`) REFERENCES `recipes` (`id`) ON DELETE CASCADE ON UPDATE CASCADE,
  ADD CONSTRAINT `favorites_ibfk_2` FOREIGN KEY (`id_user`) REFERENCES `users` (`id`) ON DELETE CASCADE ON UPDATE CASCADE;

--
-- Обмеження зовнішнього ключа таблиці `recipes`
--
ALTER TABLE `recipes`
  ADD CONSTRAINT `fk_category` FOREIGN KEY (`id_category`) REFERENCES `categories` (`id`);

--
-- Обмеження зовнішнього ключа таблиці `recipes_ingredients`
--
ALTER TABLE `recipes_ingredients`
  ADD CONSTRAINT `recipes_ingredients_ibfk_1` FOREIGN KEY (`id_recipe`) REFERENCES `recipes` (`id`) ON DELETE CASCADE ON UPDATE CASCADE,
  ADD CONSTRAINT `recipes_ingredients_ibfk_2` FOREIGN KEY (`id_recipe`) REFERENCES `recipes` (`id`) ON DELETE CASCADE ON UPDATE CASCADE,
  ADD CONSTRAINT `recipes_ingredients_ibfk_3` FOREIGN KEY (`id_ingredient`) REFERENCES `ingredients` (`id`) ON DELETE CASCADE ON UPDATE CASCADE;

--
-- Обмеження зовнішнього ключа таблиці `reviews`
--
ALTER TABLE `reviews`
  ADD CONSTRAINT `reviews_ibfk_1` FOREIGN KEY (`id_recipe`) REFERENCES `recipes` (`id`) ON DELETE CASCADE ON UPDATE CASCADE,
  ADD CONSTRAINT `reviews_ibfk_2` FOREIGN KEY (`id_user`) REFERENCES `users` (`id`) ON DELETE CASCADE ON UPDATE CASCADE;
COMMIT;

/*!40101 SET CHARACTER_SET_CLIENT=@OLD_CHARACTER_SET_CLIENT */;
/*!40101 SET CHARACTER_SET_RESULTS=@OLD_CHARACTER_SET_RESULTS */;
/*!40101 SET COLLATION_CONNECTION=@OLD_COLLATION_CONNECTION */;
